,Uber Type,Origin Region,Destination Region,Origin Latitude,Origin Longitude,Destination Latitude,Destination Longitude,Journey Distance(m),Departure Date,Departure Time,Travel Time(s),Arrival Time,Fare$
ID1439447811,0,2,7,-37.8117547,144.9361055,-37.8618349,144.905716,10544.7,2018-04-04,11:00:21,3433.5000000000005,11:57:34,7.49
ID3214887027,1,9,8,-38.1109156,144.6541725,-37.8158343,145.04645,51032.0,2018-07-15,10:02:12,12681.060000000005,13:33:33,59.11
ID1610817647,0,3,6,-37.8187089,144.9705069,-37.7874325,144.9803767,3983.0,2018-06-25,06:28:49,954.48,6:44:43,5.12
ID5876619686,2,6,5,-37.7738026,144.9836466,-37.8110018,144.9266089,10292.0,2018-05-19,17:20:54,2925.0,18:09:39,309.72
ID1216730427,0,4,8,-37.8134871,145.0123681,-37.8158343,145.04645,3770.0,2018-07-09,16:43:46,1221.3,17:04:07,8.79
ID3252585614,1,1,9,-37.8036544,144.9554625,-38.1109156,144.6541725,43792.4,2018-02-25,07:00:24,10603.439999999999,9:57:07,51.13
ID5210466647,2,3,1,-37.8107533,144.9975014,-37.7991608,144.9605854,4335.0,2018-01-04,20:27:04,1101.3600000000006,20:45:25,125.29
ID3741992231,1,8,5,-37.807202,145.0266373,-37.8054568,144.9333354,9137.0,2018-01-18,01:58:39,2378.9999999999995,2:38:18,22.74
ID5825310914,2,9,2,-38.1109156,144.6541725,-37.815726,144.9218574,45072.0,2018-05-17,15:51:55,10844.459999999994,18:52:39,1055.98
ID1843834035,0,5,4,-37.8115739,144.9299113,-37.8165392,145.0089739,8707.0,2018-05-14,12:47:01,2177.399999999999,13:23:18,8.37
ID1531322953,0,4,6,-37.8099809,144.9991534,-37.7874325,144.9803767,4129.0,2018-06-22,02:34:20,1064.3400000000004,2:52:04,11.67
ID3825613279,1,5,9,-37.8163564,144.9286491,-38.1109156,144.6541725,44149.0,2018-04-06,23:39:56,10609.8,2:36:45,57.45
ID1827650577,0,3,7,-37.8090155,144.9837022,-37.8618349,144.905716,9653.0,2018-06-05,11:02:34,3251.8800000000006,11:56:45,5.35
ID1244459980,0,3,5,-37.8179567,144.9808606,-37.7999692,144.9351234,7329.0,2018-04-24,16:29:58,1820.8200000000002,17:00:18,8.15
ID1293020859,0,4,5,-37.8004765,145.0205702,-37.8057732,144.9308832,8706.0,2018-04-01,06:32:01,2348.3399999999992,7:11:09,7.63
ID3342459378,1,5,3,-37.8052299,144.9369713,-37.8202439,144.9853076,5328.0,2018-01-19,13:53:31,1336.8000000000006,14:15:47,16.74
ID1755105433,0,9,4,-38.1109156,144.6541725,-37.8104531,145.0037593,47276.9,2018-01-22,16:48:54,11424.540000000005,19:59:18,17.63
ID1209985618,0,4,2,-37.8048456,145.0065133,-37.8246844,144.9532331,6163.0,2018-02-28,19:05:17,1607.8200000000015,19:32:04,10.02
ID1124646258,0,4,8,-37.802419,144.99178,-37.8158343,145.04645,5597.0,2018-03-22,20:28:41,1742.3400000000001,20:57:43,8.91
ID3519325031,1,2,8,-37.8143014,144.9381221,-37.8158343,145.04645,10155.0,2018-07-25,12:04:30,2854.5600000000004,12:52:04,20.73
ID5169844268,2,3,9,-37.823121,144.9763575,-38.1109156,144.6541725,44832.0,2018-02-10,02:22:52,10818.839999999998,5:23:10,1074.86
ID3227959950,1,2,7,-37.8192241,144.9465921,-37.8618349,144.905716,9189.0,2018-03-09,11:31:31,3100.02,12:23:11,18.15
ID3498758505,1,5,4,-37.8102573,144.936063,-37.8067796,144.9994498,6109.0,2018-03-07,04:31:50,1498.3200000000004,4:56:48,20.52
ID3956812301,1,5,3,-37.8105833,144.931807,-37.8175294,144.9959598,7435.0,2018-07-14,10:18:15,1810.56,10:48:25,14.31
ID3135105198,1,3,4,-37.8201686,144.9816469,-37.8139422,145.015182,4824.2,2018-01-15,01:52:08,1233.0,2:12:41,18.98
ID1143487078,0,7,2,-37.8618349,144.905716,-37.8125724,144.9363509,10561.0,2018-02-26,13:16:36,3435.959999999998,14:13:51,10.02
ID1457955557,0,4,4,-37.8218255,144.9749359,-37.80422,145.0024501,4203.0,2018-01-01,23:44:09,997.1399999999999,0:00:46,9.07
ID3982024573,1,5,1,-37.7907967,144.985865,-37.8152944,144.9419069,5723.0,2018-05-06,22:46:43,1613.7600000000007,23:13:36,26.09
ID1749306353,0,3,5,-37.8234045,144.9948876,-37.8003629,144.933905,8875.0,2018-05-09,15:11:21,2252.58,15:48:53,8.81
ID1853933685,0,5,5,-37.7907967,144.985865,-37.80348,144.936364,6706.0,2018-03-10,16:03:25,1895.3999999999999,16:35:00,13.22
ID3253465065,1,2,4,-37.8034225,144.9386034,-37.816799,145.0096011,7379.0,2018-01-23,22:06:57,1803.6600000000005,22:37:00,23.08
ID5931562705,2,6,1,-37.7874325,144.9803767,-37.8187901,144.9552797,4774.0,2018-07-13,08:48:06,1239.3600000000004,9:08:45,130.47
ID3322555559,1,3,7,-37.8247704,144.9884396,-37.8618349,144.905716,9204.0,2018-07-27,11:39:21,3045.18,12:30:06,17.03
ID3980138161,1,1,1,-38.1109156,144.6541725,-37.7993383,144.9743813,45359.0,2018-02-23,14:43:00,11001.840000000006,17:46:21,53.82
ID5851221068,2,8,6,-37.8158343,145.04645,-37.7874421,144.9804091,8357.0,2018-05-28,13:08:44,2437.38,13:49:21,252.79
ID1979753986,0,4,6,-37.7999799,145.0138091,-37.7907967,144.985865,3669.0,2018-01-02,09:32:24,1046.8200000000002,9:49:50,3.75
ID1284965605,0,9,4,-38.1109156,144.6541725,-37.813342,145.0148451,48669.0,2018-03-18,14:00:18,11749.739999999998,17:16:07,22.59
ID3719351443,1,3,3,-37.821792,144.9738299,-37.8618349,144.905716,8147.0,2018-05-02,16:17:49,2802.18,17:04:31,20.98
ID3743315476,1,1,8,-37.8096826,144.9468195,-37.8158343,145.04645,9092.0,2018-07-26,11:31:59,2569.08,12:14:48,14.62
ID5492970299,2,7,5,-37.8618349,144.905716,-37.8181701,144.9503585,8879.0,2018-03-01,15:47:44,3040.319999999998,16:38:24,310.84
ID1217237549,0,9,8,-38.1109156,144.6541725,-37.773845,144.9836895,48197.0,2018-05-04,01:56:32,11495.340000000007,5:08:07,21.45
ID3691935479,1,8,8,-37.8158343,145.04645,-37.8169773,144.9768829,6881.0,2018-01-25,00:29:55,2006.6400000000012,1:03:21,22.7
ID3917307272,1,2,4,-37.8208445,144.9475536,-37.7907967,144.985865,5643.0,2018-04-11,16:41:45,1482.8400000000001,17:06:27,15.61
ID3305828230,1,8,3,-37.807202,145.0266373,-37.8155701,144.9740446,5705.0,2018-03-17,12:31:00,1382.2200000000003,12:54:02,18.63
ID1681303682,0,7,4,-37.8618349,144.905716,-37.80422,145.0024501,11763.0,2018-01-25,04:57:36,3765.9599999999978,6:00:21,13.25
ID1545863829,0,6,5,-37.7907967,144.985865,-37.8062363,144.9324545,6465.0,2018-07-04,15:51:14,1852.0199999999998,16:22:06,7.94
ID1883256645,0,3,4,-37.8134507,144.9740083,-37.8106139,145.0104371,4028.0,2018-01-23,18:20:28,986.7,18:36:54,6.81
ID1569618330,0,8,7,-37.8158343,145.04645,-37.8618349,144.905716,15151.0,2018-02-25,05:46:58,4917.479999999999,7:08:55,18.52
ID1957484214,0,2,4,-37.8152745,144.9419513,-37.8127565,145.0102815,6610.0,2018-04-02,16:40:20,1703.3400000000004,17:08:43,7.64
ID1681738375,0,2,6,-37.8178778,144.9467021,-37.7874421,144.9804091,5454.0,2018-05-17,06:57:15,1400.04,7:20:35,4.6
ID3529823484,1,6,2,37.7874325,144.9803767,-37.8221797,144.9311455,7600.0,2018-01-25,08:46:08,1888.6799999999996,9:17:36,12.43
ID1882743319,0,4,5,-37.8142662,145.0110929,-37.8045552,144.9160408,9003.0,2018-06-25,20:28:52,2182.98,21:05:14,7.5
ID3532431368,1,3,8,37.8223824,144.9798417,-37.8158343,145.04645,6968.0,2018-03-24,15:10:40,2070.1800000000003,15:45:10,21.49
ID1747868629,0,7,4,-37.8618349,144.905716,-37.8144495,145.015303,13045.0,2018-04-02,13:11:37,3899.1599999999994,14:16:36,9.95
ID1913186489,0,1,2,-37.8085463,144.9587944,-37.817823,144.9462511,1867.0,2018-07-23,21:17:15,495.05999999999995,21:25:30,10.58
ID1296337342,0,7,8,-37.8618349,144.905716,-37.8158343,145.04645,15151.0,2018-06-03,15:05:47,4911.599999999998,16:27:38,15.12
ID1784898274,0,8,1,37.807202,145.0266373,-37.8203771,144.9577362,7178.0,2018-07-12,00:12:41,1805.7600000000004,0:42:46,11.89
ID3247950562,1,3,8,-37.8219064,144.9753957,-37.8158343,145.04645,7490.0,2018-05-13,12:10:58,2185.32,12:47:23,23.05
ID5372878997,2,7,8,37.8618349,144.905716,-37.807202,145.0266373,13986.0,2018-07-08,18:10:15,4292.399999999998,19:21:47,440.41
ID3554304801,1,2,4,-37.8201663,144.9506055,-37.8050219,145.0150167,6870.0,2018-03-01,14:41:25,1742.0400000000009,15:10:27,17.55
ID1516304455,0,6,5,-37.7738026,144.9836466,-37.7882653,144.9292018,11917.0,2018-05-27,19:01:06,3634.9799999999987,20:01:40,14.09
ID1322992424,0,9,7,38.1109156,144.6541725,-37.8618349,144.905716,50797.0,2018-01-04,08:05:23,13204.979999999994,11:45:27,17.11
ID3998285907,1,3,6,-37.8129991,144.9739954,-37.7738026,144.9836466,7643.0,2018-03-17,08:59:34,2444.04,9:40:18,17.45
ID5979727032,2,2,4,-37.8144874,144.943067,-37.8104827,145.0089843,6188.0,2018-03-23,13:26:40,1565.8800000000008,13:52:45,169.93
ID5832319155,2,8,9,-37.8158343,145.04645,-38.1109156,144.6541725,51032.0,2018-03-17,20:12:13,12681.059999999998,23:43:34,1241.96
ID3826662496,1,5,8,-37.8043856,144.9283024,37.8158343,145.04645,10688.0,2018-05-16,03:05:47,3025.4399999999996,3:56:12,26.69
ID1235479528,0,8,3,-37.807202,145.0266373,-37.823322,144.9938042,4666.0,2018-05-25,01:46:15,1142.1000000000008,2:05:17,10.21
ID3225765233,1,5,4,-37.8149612,144.927518,37.8014698,145.0035543,8671.0,2018-04-14,01:32:56,2240.7600000000007,2:10:16,26.92
ID5613987131,2,1,4,-37.8123217,144.9531778,-37.8088555,145.0100489,5496.0,2018-05-13,01:44:24,1351.0200000000007,2:06:55,166.31
ID3485138491,1,9,5,-38.1109156,144.6541725,-37.8117547,144.9361055,42796.0,2018-01-17,15:59:36,10254.719999999998,18:50:30,51.14
ID1797781753,0,1,5,-37.7926187,144.9582485,-37.8167083,144.9273935,5153.0,2018-05-12,20:06:32,1281.0000000000002,20:27:53,12.53
ID1432863292,0,6,7,-37.7738026,144.9836466,-37.8618349,144.905716,16033.0,2018-07-25,02:51:20,5323.559999999998,4:20:03,14.06
ID3309678184,1,3,8,-37.8232173,145.0111342,-37.8158343,145.04645,4860.0,2018-01-07,23:29:39,1524.0,23:55:03,23.99
ID1967576534,0,1,6,-37.810947,144.9573376,-37.7874325,144.9803767,4024.0,2018-01-15,12:51:32,998.2200000000003,13:08:10,7.19
ID1476392151,0,3,8,-37.8159696,144.9915803,-37.807202,145.0266373,4211.0,2018-07-12,03:04:37,1024.6800000000005,3:21:41,11.58
ID1596883209,0,1,4,-37.8172965,144.9641668,37.8167163,145.0071935,4081.0,2018-01-26,12:36:35,1037.3400000000001,12:53:52,6.59
ID3551777553,1,6,7,-37.773845,144.9836895,37.8618349,144.905716,13169.0,2018-02-25,17:17:58,3866.460000000001,18:22:24,28.02
ID1814912384,0,4,1,-37.8042149,145.006086,37.8041928,144.9585999,4625.0,2018-06-10,05:10:19,1161.660000000001,5:29:40,14.31
ID3734894363,1,7,4,-37.8618349,144.905716,-37.8043758,145.0136079,12852.0,2018-06-19,06:02:28,4115.0999999999985,7:11:03,21.23
ID3919576519,1,7,3,-37.8618349,144.905716,-37.8078975,144.9835946,9820.0,2018-01-24,05:34:06,3281.939999999998,6:28:47,28.84
ID1124666014,0,3,4,-37.819294,144.9744131,-37.8032412,144.9925347,3261.0,2018-03-14,02:43:58,861.7799999999997,2:58:19,10.91
ID1686887347,0,2,5,-37.8154644,144.9402939,-37.8066622,144.9320495,1648.0,2018-03-19,22:04:24,450.5,22:11:13,8.94
ID1190186315,0,9,4,-38.1109156,144.6541725,-37.8165198,145.0049966,47329.0,2018-04-10,08:05:57,11375.939999999999,11:15:32,14.74
ID1570830016,0,1,2,-37.8051003,144.9493905,-37.8122845,144.9232182,2834.0,2018-02-21,19:22:01,830.8799999999999,19:34:21,5.91
ID3215393503,1,6,7,-37.7874325,144.9803767,-37.8618349,144.905716,11633.0,2018-06-23,21:29:53,3663.780000000001,22:30:56,33.58
ID1443167189,0,1,2,-37.8197258,144.9696551,-37.8137364,144.936811,3918.0,2018-04-18,19:31:35,949.14,19:47:24,8.28
ID1988964055,0,6,3,-37.7908183,144.9857929,-37.8121156,144.9737584,3072.0,2018-05-18,10:02:28,848.4399999999997,10:15:14,3.24
ID1215966082,0,9,7,-38.1109156,144.6541725,-37.8618349,144.905716,50797.0,2018-06-01,23:27:22,13204.979999999994,3:07:26,24.35
ID5319480455,2,1,7,-37.7997691,144.9718105,-37.8618349,144.905716,10123.0,2018-02-07,09:37:44,3326.9400000000005,10:33:10,327.86
ID1423192986,0,6,3,-37.7738026,144.9836466,-37.8100517,144.9836969,8116.0,2018-06-15,06:53:10,2570.939999999999,7:36:00,6.39
ID1228770456,0,3,8,-37.8210224,144.9830283,-37.8158343,145.04645,6634.0,2018-06-26,23:16:31,1964.52,23:49:06,12.41
ID1573700491,0,2,1,-37.821381,144.9444542,-37.812956,144.9603853,2080.0,2018-03-15,06:09:24,521.7,6:18:05,2.62
ID5177727230,2,5,6,-37.8001964,144.9338134,-37.7874421,144.9804091,7077.0,2018-01-07,18:53:13,1790.1399999999999,19:22:53,197.59
ID5898350343,2,9,5,-38.1109156,144.6541725,-37.7999032,144.927629,44427.0,2018-04-15,09:45:02,10637.759999999998,12:42:19,1037.7
ID3665204556,1,5,7,-37.8041355,144.9177199,-37.8618349,144.905716,12317.0,2018-01-27,13:06:10,3984.280000000001,14:11:27,30.22
ID3663747655,1,1,3,-37.8014154,144.948467,-37.8217484,144.979191,4193.0,2018-01-13,22:01:02,1051.74,22:18:33,22.9
ID5852801070,2,8,2,-37.8158343,145.04645,-37.825471,144.9290812,15217.0,2018-06-22,22:23:55,4049.8399999999997,23:31:28,416.25
ID3750363943,1,6,7,-37.7908183,144.9857929,-37.8618349,144.905716,11712.0,2018-03-16,11:56:09,3717.4800000000005,12:58:06,19.26
ID3545024043,1,9,6,-38.1109156,144.6541725,-37.7874421,144.9804091,47035.0,2018-02-04,22:44:15,11413.020000000008,1:54:28,62.59
ID1688692137,0,8,7,-37.8158343,145.04645,-37.8618349,144.905716,15151.0,2018-01-24,05:40:57,5010.479999999999,7:02:54,11.94
ID1633782537,0,3,4,-37.8178223,145.0034301,-37.7995195,144.9997672,2819.0,2018-06-23,17:47:34,683.2800000000001,17:58:57,10.7
ID1704887948,0,2,6,-37.8155713,144.928303,-37.7907967,144.985865,7880.0,2018-06-07,17:23:00,2128.7400000000007,17:58:28,9.27
ID3843463218,1,2,8,-37.8224083,144.9475061,-37.8158343,145.04645,9294.0,2018-07-16,02:47:30,2698.3200000000006,3:32:28,24.67
ID1861833511,0,1,7,-37.8133099,144.965359,-37.8618349,144.905716,8234.0,2018-07-12,05:39:35,2870.12,6:26:50,14.18
ID1857199076,0,6,7,-37.7738026,144.9836466,-37.8618349,144.905716,16033.0,2018-07-03,10:58:07,5323.559999999998,12:26:50,7.52
ID5148419660,2,5,3,-37.7997225,144.9374954,-37.8163763,144.9963062,8236.0,2018-02-02,11:46:21,2320.1400000000003,12:25:01,232.01
ID3198993851,1,6,1,-37.7738026,144.9836466,-37.820727,144.9670761,8847.0,2018-05-02,11:25:19,2862.7800000000016,12:11:55,15.98
ID5655841964,2,5,9,-37.8091174,144.9368711,-38.1109156,144.6541725,42950.0,2018-06-03,06:23:51,10279.019999999999,9:15:10,1003.82
ID1754722681,0,4,5,-37.8106388,144.9966055,-37.8048043,144.9244857,6946.0,2018-02-12,17:25:15,1780.9799999999996,17:54:55,8.63
ID1300530023,0,3,6,-37.8194657,144.9985596,-37.773845,144.9836895,7249.0,2018-07-01,15:11:25,1640.6400000000006,17:05:50,11.58
ID1229765721,0,8,9,-37.8158343,145.04645,-38.1109156,144.6541725,51032.0,2018-05-15,00:30:13,12681.059999999998,4:01:34,22.99
ID1387193763,0,5,9,-37.8100335,144.93596,-38.1109156,144.6541725,42806.0,2018-05-24,00:54:18,10250.88,6:10:42,19.33
ID5883655056,2,2,8,-37.8213503,144.9456057,-37.807202,145.0266373,8347.0,2018-06-18,20:14:27,1968.120000000001,21:52:51,208.59
ID3955151733,1,9,7,-38.1109156,144.6541725,-37.8618349,144.905716,50797.0,2018-06-06,07:01:52,13204.979999999994,10:41:56,53.96
ID3734003469,1,1,6,-37.8020319,144.9570706,-37.773845,144.9836895,4657.0,2018-02-13,01:19:09,956.46,1:35:05,19.27
ID3358834438,1,2,3,-37.8150174,144.9328297,-37.8244161,144.9891642,6248.0,2018-07-19,15:05:50,1355.7000000000007,15:28:25,15.78
ID5784986069,2,2,5,-37.8146258,144.9281072,-37.813111,144.9335591,1446.0,2018-01-08,15:43:30,399.47999999999996,19:16:23,58.89
ID3871676855,1,5,7,-37.8068662,144.9387806,-37.8618349,144.905716,10392.0,2018-03-07,13:40:31,3386.46,14:36:57,23.12
ID1614052332,0,9,8,-38.1109156,144.6541725,-37.807202,145.0266373,49777.0,2018-05-21,16:26:10,12099.660000000003,19:47:49,18.78
ID3805931816,1,1,6,-37.8128818,144.9428484,-37.7738026,144.9836466,9334.0,2018-02-24,10:58:04,2867.4,11:45:51,19.35
ID1653571013,0,1,6,-37.8198853,144.9650779,-37.773845,144.9836895,5881.0,2018-04-10,15:29:15,1270.98,18:23:37,8.92
ID1824078579,0,3,1,-37.8238488,144.9902125,-37.8141907,144.9630638,2920.0,2018-06-01,20:34:39,685.2600000000001,23:27:29,8.84
ID3288889311,1,4,7,-37.8008536,145.0032655,-37.8618349,144.905716,12135.0,2018-05-16,23:17:40,3879.000000000002,0:22:19,30.1
ID3324397039,1,6,1,-37.7738026,144.9836466,-37.8064794,144.9558966,8016.0,2018-03-27,18:09:39,2554.5000000000014,22:10:43,19.86
ID5759888642,2,1,9,-37.8192616,144.960999,-38.1109156,144.6541725,43204.0,2018-04-18,10:47:35,10404.839999999998,11:16:06,1008.35
ID1903090047,0,9,6,-38.1109156,144.6541725,-37.7874325,144.9803767,47033.0,2018-07-11,12:09:49,11355.660000000005,16:47:56,16.71
ID1663085418,0,2,8,-37.8133599,144.9375612,-37.8158343,145.04645,9945.0,2018-05-16,14:33:14,2808.8999999999996,15:42:57,7.82
ID1400475641,3,3,5,-37.8139288,144.9920729,-37.7989809,144.9364074,5665.0,2018-07-26,19:52:57,1399.1400000000006,20:16:16,9.72
ID1482858212,1,5,2,-37.8036999,144.932203,-37.8189238,144.9467475,2412.0,2018-06-15,19:18:52,613.38,19:29:05,8.3
ID5287396453,2,1,2,-37.8105838,144.977713,-37.8146922,144.9375458,4125.0,2018-04-25,22:18:52,1012.6200000000003,22:35:44,125.41
ID3312526747,3,8,5,-37.8158343,145.04645,-37.8084564,144.9382217,10151.0,2018-01-05,00:11:18,2818.740000000003,0:58:16,25.41
ID3304358159,1,3,4,-37.8175174,144.9733504,-37.8026418,144.9938728,3203.0,2018-06-22,22:03:28,860.6399999999999,22:17:48,17.69
ID1834886234,2,4,7,-37.8027747,145.012641,-37.8618349,144.905716,12747.0,2018-07-02,09:44:07,4101.9000000000015,10:52:28,8.33
ID1916250768,0,6,9,-37.773845,144.9836895,-38.1109156,144.6541725,48197.0,2018-01-24,02:30:02,11519.399999999998,5:42:01,21.26
ID1336889148,0,5,2,-37.8001819,144.9289411,-37.8105747,144.939228,1768.0,2018-03-27,12:19:05,418.44000000000005,12:26:03,7.95
ID3178028836,1,6,5,-37.7738026,144.9836466,-37.8046827,144.9200194,11432.0,2018-04-21,10:32:31,3166.380000000001,11:25:17,19.23
ID1604058732,0,6,4,-37.7874325,144.9803767,-37.8074124,144.9985205,3837.0,2018-02-10,23:41:01,994.9200000000001,23:57:35,15.03
ID1714608391,2,6,7,-37.773845,144.9836895,-37.8618349,144.905716,13169.0,2018-04-24,08:35:01,3866.460000000001,9:39:27,7.75
ID1851250439,2,1,5,-37.819322,144.9629578,-37.8116481,144.9270181,3895.0,2018-05-08,23:51:51,975.0,0:08:06,10.31
ID1286333923,1,5,4,-37.8151669,144.9275206,-37.8039058,144.9978162,7946.0,2018-04-23,09:13:41,2068.68,9:48:09,5.5
ID1183871264,2,3,5,-37.8143442,144.9882747,-37.8138489,144.9330201,6335.0,2018-01-06,03:44:55,1579.740000000001,4:11:14,16.04
ID1204216500,3,4,2,-37.8020363,145.0041224,-37.8135309,144.9408347,6428.0,2018-01-10,05:17:50,1599.7799999999995,5:44:29,12.37
ID3822308162,1,6,4,-37.7907967,144.985865,-37.8002341,144.9970068,2061.0,2018-01-27,03:58:25,621.1800000000002,4:08:46,22.53
ID5850737586,2,4,7,-37.8013695,145.0041559,-37.8618349,144.905716,12185.0,2018-07-06,01:38:42,3886.9200000000014,2:43:28,401.23
ID3682413011,1,9,3,-38.1109156,144.6541725,-37.8138638,144.9725823,44331.0,2018-03-07,12:57:34,10613.759999999998,15:54:27,50.03
ID3637186715,1,9,1,-38.1109156,144.6541725,-37.8076649,144.9478827,42979.0,2018-06-16,20:12:24,10293.300000000001,23:03:57,52.58
ID5878560024,1,2,6,-37.812655,144.9252437,-37.7874421,144.9804091,7170.0,2018-07-21,06:10:57,1862.1000000000006,6:41:59,197.14
ID3126576428,1,7,5,-37.8618349,144.905716,-37.8058293,144.9308676,11105.0,2018-07-16,12:04:50,3561.72,13:04:11,22.59
ID3725267096,1,1,9,-37.8152387,144.9753145,-38.1109156,144.6541725,44562.0,2018-04-01,08:19:05,10796.939999999999,11:19:01,49.31
ID1872815236,0,1,7,-37.8109583,144.9400646,-37.8618349,144.905716,10155.0,2018-01-07,23:11:41,3337.92,0:07:18,18.31
ID3283128364,1,4,5,-37.8097067,144.9930454,-37.79821,144.91649,6917.0,2018-05-21,00:57:51,1644.0,1:25:15,22.21
ID1134114857,0,6,8,-37.7874421,144.9804091,-37.8158343,145.04645,8357.0,2018-04-17,14:04:30,2437.38,13:23:53,10.53
ID3514310628,1,6,5,-37.7907967,144.985865,-37.8100641,144.9305062,7477.0,2018-06-05,07:58:50,2045.3399999999995,8:32:55,13.4
ID3647872468,1,7,5,-37.8618349,144.905716,-37.8068748,144.9375105,10488.0,2018-01-22,12:42:05,3415.319999999999,11:45:10,18.56
ID5424323312,2,7,5,-37.8618349,144.905716,-37.8040739,144.9175502,12339.0,2018-06-05,02:09:22,3925.739999999999,3:14:47,404.21
ID3134452672,1,1,9,-37.8144709,144.9381655,-38.1109156,144.6541725,42560.0,2018-03-26,14:03:25,10210.92,16:53:35,47.04
ID1232234141,0,7,9,-37.8618349,144.905716,-38.1109156,144.6541725,50797.0,2018-05-13,3:00:56,13173.359999999999,23:21:23,24.46
ID1983925544,0,4,6,-37.8039824,145.0075865,-37.7738026,144.9836466,9814.0,2018-02-23,9:50:18,2999.8800000000006,09:00:19,7.26
ID1889065585,0,1,2,-37.8102467,144.9764261,-37.8135093,144.9378039,4073.0,2018-06-10,06:20:02,1033.0200000000004,6:37:15,9.85
ID5350670683,2,7,2,-37.8618349,144.905716,-37.813514,144.9442952,9684.0,2018-03-01,11:56:07,3210.5999999999985,12:49:37,318.93
ID1221008817,0,6,2,-37.7907967,144.985865,-37.8207036,144.9480378,5597.0,2018-03-25,03:26:19,1458.1799999999998,3:50:37,14.72
ID1764353317,0,1,3,-37.824369,144.9525705,-37.818893,144.9813747,2799.0,2018-04-02,1:53:48,748.8600000000002,01:41:20,10.0
ID1124895872,0,5,6,-37.8090399,144.9291498,-37.773845,144.9836895,7717.0,2018-07-15,21:50:26,1705.3200000000004,22:18:51,15.0
ID3581835010,1,3,4,-37.8163669,144.9879287,-37.8063852,145.0100327,2998.0,2018-07-22,13:19:47,758.82,13:32:25,15.95
ID3296003984,1,2,7,-37.818287,144.9257374,-37.8618349,144.905716,11087.0,2018-06-04,06:15:06,3609.1800000000003,7:15:15,21.35
ID1365603509,0,6,3,-37.7874325,144.9803767,-37.8207406,144.9785753,4257.0,2018-04-17,17:25:54,1033.7400000000002,17:43:07,7.52
ID3786599946,1,8,5,-37.8158343,145.04645,-37.8000152,144.935183,12212.0,2018-01-06,23:40:06,3341.7599999999998,22:44:25,30.94
ID1550345747,0,2,3,-37.8150174,144.9328297,-37.8207154,144.9792826,5551.0,2018-05-05,19:24:46,1334.5200000000007,19:02:32,10.9
ID1750204536,0,6,1,-37.773845,144.9836895,-37.8093233,144.9643404,4485.0,2018-01-21,12:13:30,926.9399999999998,12:28:56,12.09
ID1999962793,0,6,3,-37.7874325,144.9803767,-37.8107586,144.9771086,2832.0,2018-06-16,21:08:58,697.5,21:20:35,12.75
ID1767315231,0,7,4,-37.8618349,144.905716,-37.8035321,144.9944033,11131.0,2018-05-07,10:55:41,3655.139999999998,11:56:36,5.98
ID5497843563,2,4,9,-37.8107533,144.9975014,-38.1109156,144.6541725,46785.0,2018-02-01,8:00:28,11207.64,04:53:41,1103.43
ID3937194375,1,6,7,-37.7874325,144.9803767,-37.8618349,144.905716,11633.0,2018-01-01,0:18:55,3663.780000000001,23:17:52,29.17
ID3737478611,1,1,9,-37.8135306,144.9655263,-38.1109156,144.6541725,43539.0,2018-02-12,06:34:06,10469.34,9:28:35,46.1
ID3757845627,1,2,9,-37.8252974,144.9470526,-38.1109156,144.6541725,42311.0,2018-03-27,1:25:43,10160.82,22:36:23,54.18
ID1443471895,0,4,2,-37.8009482,144.9887123,-37.8130106,144.93361,6677.0,2018-05-23,10:05:49,1679.640000000001,10:33:48,4.29
ID5692963633,2,1,5,-37.8121007,144.9739438,-37.8065987,144.9329051,4338.0,2018-02-18,19:23:51,1124.2799999999997,19:42:35,136.15
ID3879150037,1,4,2,-37.8088698,145.0155561,-37.8243312,144.9524688,6609.0,2018-06-17,03:10:58,1682.8200000000013,3:39:00,25.94
ID1519174128,0,5,7,-37.8149362,144.9273511,-37.8618349,144.905716,11831.0,2018-07-02,01:33:45,3804.7200000000003,2:37:09,13.13
ID1606671402,0,1,8,-37.8047395,144.9652608,-37.807202,145.0266373,5901.0,2018-05-19,19:23:13,1524.7800000000002,19:48:37,12.7
ID1374533265,0,9,7,-38.1109156,144.6541725,-37.8618349,144.905716,50797.0,2018-04-27,08:13:57,13204.979999999994,11:54:01,17.08
ID1957312020,0,8,7,-37.8158343,145.04645,-37.8618349,144.905716,15151.0,2018-05-10,04:02:33,4917.479999999999,5:24:30,13.0
ID3907374373,1,7,2,-37.8618349,144.905716,-37.8160858,144.9287497,11602.0,2018-02-26,02:26:54,3746.7599999999984,3:29:20,30.52
ID1644120045,0,3,4,-37.8205597,144.9813601,-37.8043337,145.0090833,4294.0,2018-02-05,05:05:19,1125.0599999999997,5:24:04,11.29
ID5209274419,2,5,4,-37.8090886,144.9291438,-37.8067849,144.9982453,6695.0,2018-23-02,23:31:48,1678.8600000000006,23:59:46,189.48
ID1983106757,0,8,2,-37.8158343,145.04645,-37.8159777,144.9383006,9938.0,2018-27-07,17:56:59,2808.2399999999993,18:43:47,9.69
ID5621444067,2,6,4,-37.7908183,144.9857929,-37.8132128,145.0108971,4622.0,2018-04-05,12:52:12,1161.7800000000004,13:11:33,132.83
ID5731045992,2,8,7,-37.8158343,145.04645,-37.8618349,144.905716,15151.0,2018-02-01,00:31:36,4917.479999999999,1:53:33,499.62
ID1117012080,0,6,7,-37.7874325,144.9803767,-37.8618349,144.905716,11633.0,2018-06-27,13:50:07,3663.780000000001,14:51:10,10.3
ID1181349517,0,2,7,-37.8239154,144.9299158,-37.8618349,144.905716,10513.0,2018-02-05,19:51:29,3450.48,20:48:59,9.98
ID3568646960,1,4,1,-37.8129158,145.0118065,-37.8044517,144.934518,7273.0,2018-07-19,06:17:59,1875.8400000000004,6:49:14,10.97
ID5196430966,2,4,1,-37.8073942,144.9986816,-37.8199725,144.9537791,4840.0,2018-05-06,20:45:06,1276.020000000001,21:06:22,151.49
ID1627546276,0,4,9,-37.8074124,144.9985205,-38.1109156,144.6541725,46924.0,2018-05-19,08:45:12,11320.199999999999,11:53:52,18.04
ID3564106282,1,2,8,-37.8140957,144.9444699,-37.807202,145.0266373,8013.0,2018-03-07,00:52:24,2095.3800000000006,1:27:19,22.67
ID5979155502,2,4,9,-37.7998201,145.0147972,-38.1109156,144.6541725,49265.0,2018-03-23,08:02:36,11985.719999999998,11:22:21,1157.85
ID3304253162,1,6,8,-37.7874421,144.9804091,-37.8158343,145.04645,8357.0,2018-04-16,06:09:52,2437.38,6:50:29,13.19
ID1961679773,0,7,9,-37.8618349,144.905716,-38.1109156,144.6541725,50797.0,2018-06-08,01:41:48,13173.359999999999,5:21:21,22.65
ID1276970189,0,8,7,-37.8158343,145.04645,-37.8618349,144.905716,15151.0,2018-05-12,01:43:59,4917.479999999999,3:05:56,18.26
ID3230061836,1,2,4,-37.814529,144.9457594,-37.8166816,145.0089196,6258.0,2018-01-14,04:33:36,1522.200000000001,4:58:58,25.46
ID1317670275,0,3,4,-37.8244598,144.9876932,-37.8103255,145.0019927,2611.0,2018-07-01,11:59:36,606.6,12:09:42,6.81
ID3221321572,1,2,8,-37.8224731,144.937681,-37.8158343,145.04645,10428.0,2018-19-04,13:17:57,2994.4800000000005,14:07:51,22.14
ID1901807224,0,4,1,-37.7990172,145.0123398,-37.8124141,144.9385708,8421.0,2018-05-22,06:57:01,2174.2199999999993,7:33:15,5.17
ID3668250183,1,7,2,-37.8618349,144.905716,-37.8127235,144.9361177,10969.0,2018-02-01,01:17:29,3547.4999999999977,2:16:36,28.86
ID1202944954,0,3,8,-37.8203203,144.9808828,-37.807202,145.0266373,5902.0,2018-04-27,02:51:53,1486.0800000000004,3:16:39,10.95
ID3905856207,1,3,5,-37.8134464,144.9897247,-37.8051953,144.9331841,5506.0,2018-01-12,21:00:02,1374.4199999999996,21:22:56,20.99
ID1363086312,0,3,7,-37.8251587,144.9933891,-37.8618349,144.905716,9627.0,2018-01-28,03:08:54,3109.98,4:00:43,14.99
ID1413115259,0,2,8,-37.8222588,144.946977,-37.8158343,145.04645,9346.0,2018-03-14,00:17:06,2709.8400000000006,1:02:15,11.62
ID3713984178,1,4,8,-37.8079403,145.0087965,-37.8158343,145.04645,3740.0,2018-01-02,13:55:11,1237.02,14:15:48,16.34
ID1381034305,0,4,7,-37.802331,145.0036807,-37.8618349,144.905716,12028.0,2018-01-05,14:33:30,3844.680000000001,15:37:34,9.23
ID1671705036,0,1,2,-37.81031,144.9615039,-37.8159035,144.9215437,4187.0,2018-07-07,20:46:52,1154.2200000000003,21:06:06,11.69
ID1353413303,0,8,1,-37.8158343,145.04645,-37.8143114,144.9630425,7747.0,2018-07-03,21:40:53,2189.46,22:17:22,12.82
ID1481573317,0,5,8,-37.7987608,144.9198481,-37.807202,145.0266373,10572.0,2018-03-24,09:48:03,2672.4,10:32:35,9.87
ID1879724926,0,3,5,-37.8143067,144.9876932,-37.8096741,144.9365179,5251.0,2018-01-03,14:03:44,1287.1800000000003,14:25:11,9.74
ID1940369496,0,5,6,-37.8084929,144.9241208,-37.7908183,144.9857929,7109.0,2018-07-02,09:18:43,1827.5400000000002,9:49:10,5.47
ID3786982144,1,9,5,-38.1109156,144.6541725,-37.8032103,144.9356453,43573.0,2018-05-26,21:32:48,10447.379999999996,0:26:55,58.69
ID1966525588,0,8,3,-37.8158343,145.04645,-37.8248038,144.9847037,6857.0,2018-02-02,21:28:25,2015.3399999999997,22:02:00,12.85
ID1307174750,0,5,7,-37.8113609,144.9300852,-37.8618349,144.905716,11891.0,2018-22-01,21:46:07,3788.760000000001,22:49:15,13.31
ID1201644419,0,2,8,-37.8204286,144.9496122,-37.807202,145.0266373,7959.0,2018-01-15,10:37:32,2014.0200000000011,11:11:06,4.8
ID1718964535,0,3,1,-37.8170182,144.9853704,-37.8190672,144.9655408,1963.0,2018-05-09,09:39:31,506.94,9:47:57,2.71
ID3899000544,1,5,2,-37.8037477,144.9307499,-37.8134339,144.9358028,2044.0,2018-06-01,23:58:58,474.17999999999995,0:06:52,16.61
ID3802133703,1,2,7,-37.8204933,144.9487358,-37.8618349,144.905716,8890.0,2018-04-09,08:59:24,3026.94,9:49:50,15.08
ID3282537898,1,3,2,-37.8188549,144.9818575,-37.825471,144.9290812,10493.0,2018-02-30,14:21:05,2610.48,15:04:35,20.3
ID1560132827,0,6,3,-37.7874421,144.9804091,-37.8250792,144.9827779,4868.0,2018-05-06,08:40:07,1281.7200000000005,9:01:28,7.06
ID5184474120,2,3,5,-37.8186616,145.0007874,-37.8050725,144.9277251,7299.0,2018-01-18,23:26:09,1899.5400000000004,23:57:48,212.37
ID3455990497,1,7,9,-37.8618349,144.905716,-38.1109156,144.6541725,50797.0,2018-02-30,05:24:48,13173.359999999999,9:04:21,66.31
ID3439982213,1,3,1,-37.8144014,144.9914613,-37.8218392,144.951834,3981.0,2018-06-31,17:30:43,1060.6200000000001,17:48:23,15.19
ID1339997230,0,8,6,-37.8158343,145.04645,-37.7874421,144.9804091,8357.0,2018-07-09,19:38:04,2437.38,20:18:41,9.04
ID5337966129,2,4,5,-37.8058667,144.9994575,-37.8149362,144.9273511,9461.0,2018-06-31,13:52:06,2494.259999999998,14:33:40,267.51
ID5675986008,2,8,4,-37.807202,145.0266373,-37.8158254,145.0100907,2768.0,2018-03-03,07:51:33,643.8600000000001,8:02:16,80.56
ID3615996407,1,2,6,-37.8246967,144.9363681,-37.7907967,144.985865,7127.0,2018-06-31,10:53:42,1995.7200000000007,11:26:57,12.79
ID1676524943,0,8,1,-37.8158343,145.04645,-37.8032365,144.9634257,7713.0,2018-02-25,06:42:50,2239.7399999999993,7:20:09,12.13
ID5307149753,2,1,7,-37.8069078,144.9560107,-37.8618349,144.905716,9262.0,2018-01-05,19:03:42,3090.12,19:55:12,316.94
ID3896479757,1,5,9,-37.8030582,144.9294614,-38.1109156,144.6541725,44005.0,2018-07-28,21:36:23,10532.34,0:31:55,60.38
ID5954333187,2,7,5,-37.8618349,144.905716,-37.8127606,144.9349737,10697.0,2018-07-23,21:59:56,3464.039999999998,22:57:40,361.32
ID3704644929,1,3,6,-37.8197069,144.9721401,-37.7907967,144.985865,4556.0,2018-06-31,11:01:01,1336.92,11:23:17,9.96
ID1521216238,0,9,7,-38.1109156,144.6541725,-37.8618349,144.905716,50797.0,2018-03-01,09:39:50,13204.979999999994,13:19:54,14.55
ID3559169812,1,3,9,-37.8204694,144.9850547,-38.1109156,144.6541725,45573.0,2018-01-26,01:26:03,10944.3,4:28:27,58.5
ID1825458542,0,7,3,-37.8618349,144.905716,-37.8258835,144.9665546,8088.0,2018-06-31,16:09:55,2817.24,16:56:52,8.27
ID1929100883,0,3,4,-37.8249648,144.9827805,-37.8049735,145.0145436,4915.0,2018-05-13,09:48:54,1192.9200000000003,10:08:46,10.05
ID1837592907,0,2,6,-37.8148414,144.938077,-37.7738026,144.9836466,9961.0,2018-05-26,01:29:45,3031.56,2:20:16,17.09
ID5310432387,2,1,9,-37.8039667,144.9499719,-38.1109156,144.6541725,43604.0,2018-01-14,21:43:57,10478.88,0:38:35,1039.02
ID3521022128,1,8,4,-37.807202,145.0266373,-37.8106352,145.0101566,2659.0,2018-03-03,19:44:56,634.5600000000001,19:55:30,16.59
ID1882406449,0,6,7,-37.7907967,144.985865,-37.8618349,144.905716,11711.0,2018-04-18,01:43:49,3866.9400000000014,2:48:15,14.62
ID3661349320,1,9,5,-38.1109156,144.6541725,-37.8061103,144.9344397,43369.0,2018-03-10,07:09:12,10382.999999999996,10:02:15,50.14
ID1521795158,0,4,8,-37.8110185,145.000558,-37.8158343,145.04645,4123.0,2018-06-31,19:47:17,1326.12,20:09:23,7.4
ID3991459280,1,1,7,-37.8030406,144.9563554,-37.8618349,144.905716,9522.0,2018-02-19,18:11:11,3145.9800000000005,19:03:36,22.45
ID3423881696,1,1,4,-37.8159653,144.9609759,-37.8145666,145.0143837,5463.0,2018-04-05,00:52:11,1394.7000000000007,1:15:25,20.5
ID1258334305,0,1,4,-37.8149457,144.9647656,-37.8111341,145.0064662,4099.0,2018-06-31,21:32:13,1013.0400000000001,21:49:06,11.87
ID3792228119,1,4,1,-37.8113359,145.0084965,-37.8034467,144.9672454,4145.0,2018-05-02,05:39:55,1079.1,5:57:54,18.96
ID1170638347,0,2,9,-37.8153034,144.9339652,-38.1109156,144.6541725,42997.0,2018-07-06,19:27:07,10333.92,22:19:20,16.62
ID1446754830,0,3,5,-37.8217211,144.9865224,-37.818711,144.9167989,6833.0,2018-04-06,04:43:49,1651.8600000000001,5:11:20,10.71
ID1648258076,0,8,9,-37.807202,145.0266373,-38.1109156,144.6541725,49777.0,2018-04-31,09:56:26,12069.779999999999,13:17:35,15.87
ID3770581173,1,6,4,-37.7738026,144.9836466,-37.80095,144.9927165,8275.0,2018-01-16,00:20:01,2602.499999999999,1:03:23,25.67
ID3266352368,1,3,5,-37.825352,145.0033723,-37.8055432,144.9369369,7087.0,2018-03-22,16:01:29,1846.74,16:32:15,16.29
ID3786148986,1,1,5,-37.8159809,144.9725503,-37.8048626,144.9244347,5090.0,2018-01-19,08:08:05,1260.0599999999997,8:29:05,10.04
ID1520753219,0,9,5,-38.1109156,144.6541725,-37.8059517,144.9335112,43453.0,2018-03-10,15:01:27,10413.239999999996,17:55:00,21.46
ID3551842781,1,8,4,-37.8158343,145.04645,-37.8014087,145.0020552,5124.0,2018-06-04,07:44:15,1604.5200000000004,8:10:59,12.57
ID1461720748,0,7,1,-37.8618349,144.905716,-37.8187746,144.9533585,8513.0,2018-01-25,19:09:39,2925.599999999998,19:58:24,9.24
ID3914617583,1,3,7,-37.8209726,144.9762569,-37.8618349,144.905716,8558.0,2018-01-07,10:20:05,2897.64,11:08:22,17.76
ID3627323829,1,9,3,-38.1109156,144.6541725,-37.8175268,144.9685529,44257.0,2018-04-02,14:47:57,10656.299999999997,17:45:33,52.78
ID3909107057,1,5,2,-37.8066149,144.9322997,-37.8125275,144.9362089,2067.0,2018-06-25,23:38:45,483.7199999999999,23:46:48,18.35
ID1725028241,0,3,5,-37.8237109,144.9903732,-37.8105624,144.9364836,5580.0,2018-02-16,09:49:03,1404.48,10:12:27,4.06
ID1712305125,0,7,4,-37.8618349,144.905716,-37.8098082,144.9930308,10417.0,2018-07-24,10:20:12,3454.859999999998,11:17:46,6.9
ID3395027360,1,3,2,-37.8250001,144.9980597,-37.8249905,144.9494115,4744.0,2018-07-26,13:31:10,1113.8400000000001,13:49:43,16.33
ID3754645068,1,4,3,-37.8075711,145.0119322,-37.8200389,144.968701,4984.0,2018-05-18,00:59:02,1305.9600000000012,1:20:47,21.73
ID3429283637,1,8,4,-37.8158343,145.04645,-37.8000294,144.9999439,5311.0,2018-01-05,11:08:32,1654.9800000000005,11:36:06,12.69
ID3395229804,1,4,3,-37.8087984,145.0088468,-37.811068,145.0005697,1029.0,2018-04-22,08:55:38,229.13999999999993,8:59:27,7.26
ID3554924710,1,6,2,-37.773845,144.9836895,-37.8162498,144.9382583,7108.0,2018-02-13,02:47:32,1552.2599999999998,3:13:24,20.81
ID3272346912,1,4,8,-37.7991186,144.9954484,-37.8158343,145.04645,5758.0,2018-04-03,02:22:40,1783.14,2:52:23,20.79
ID1794970695,0,4,5,-37.8129078,145.0107621,-37.8090045,144.9352188,8768.0,2018-03-19,23:52:45,2178.6,0:29:03,12.9
ID3331726975,1,6,8,-37.7908183,144.9857929,-37.8158343,145.04645,7471.0,2018-03-18,15:23:52,2192.7000000000003,16:00:24,23.64
ID1722998998,0,3,5,-37.8124603,144.9880446,-37.8149857,144.9274207,6992.0,2018-06-17,09:59:23,1729.140000000002,10:28:12,8.77
ID3907040103,1,4,6,-37.8121831,145.0131617,-37.773845,144.9836895,7772.0,2018-01-02,02:16:46,1691.46,2:44:57,22.89
ID1736798769,0,4,7,-37.8042115,145.002375,-37.8618349,144.905716,11756.0,2018-02-09,10:29:56,3776.1600000000008,11:32:52,6.23
ID3751639376,1,1,6,-37.8197673,144.9484869,-37.7738026,144.9836466,9644.0,2018-02-06,02:14:47,2928.42,3:03:35,26.66
ID1207189346,0,8,7,-37.8158343,145.04645,-37.8618349,144.905716,15151.0,2018-06-14,17:39:53,4917.479999999999,19:01:50,10.82
ID5676900511,2,6,5,-37.7874421,144.9804091,-37.8068481,144.9377585,6251.0,2018-04-01,01:59:21,1547.4599999999998,2:25:08,183.9
ID5175807338,2,7,4,-37.8618349,144.905716,-37.8117936,145.008416,11747.0,2018-04-28,11:56:30,3784.3799999999983,12:59:34,379.97
ID1764878183,0,5,7,-37.8094878,144.9362746,-37.8618349,144.905716,10532.0,2018-04-17,08:09:24,3421.9800000000005,9:06:25,6.12
ID1902397252,0,1,7,-37.8103177,144.9726522,-37.8618349,144.905716,9129.0,2018-04-03,04:21:49,3050.1,5:12:39,12.21
ID1501662841,0,2,6,-37.8221771,144.9477447,-37.7738026,144.9836466,9947.0,2018-05-05,23:40:50,3024.78,0:31:14,17.72
ID1676798433,0,9,8,-38.1109156,144.6541725,-37.8158343,145.04645,51032.0,2018-05-09,17:09:37,12681.060000000005,20:40:58,17.17
ID3197791004,1,2,9,-37.8206237,144.9415725,-38.1109156,144.6541725,41588.0,2018-02-17,00:57:32,9989.099999999999,3:44:01,57.53
ID1387467787,0,8,2,-37.8158343,145.04645,-37.8216996,144.936612,10558.0,2018-01-11,08:38:18,3007.6199999999985,9:28:25,5.65
ID3431967494,1,9,4,-38.1109156,144.6541725,-37.7996719,144.9913212,46888.0,2018-02-07,07:00:36,11325.36000000001,10:09:21,49.23
ID3827789997,1,7,3,-37.8618349,144.905716,-37.8164845,145.0042899,11166.0,2018-07-17,15:49:32,3533.339999999999,16:48:25,22.59
ID5225935445,2,4,7,-37.8136358,145.0000791,-37.8618349,144.905716,11013.0,2018-06-09,09:58:27,3499.0200000000004,10:56:46,354.26
ID3172335519,1,9,5,-38.1109156,144.6541725,-37.8061103,144.9344397,43369.0,2018-03-19,16:12:30,10382.999999999996,19:05:33,48.93
ID3393651389,1,1,2,-37.7997277,144.9630097,-37.812253,144.9386792,3238.0,2018-04-15,12:15:48,832.5600000000001,12:29:40,17.03
ID3954185446,1,2,1,-37.8155841,144.9452766,-37.8040317,144.9695353,2748.0,2018-02-20,20:18:33,704.5800000000002,20:30:17,12.63
ID1369272263,0,2,5,-37.8203995,144.9495988,-37.8040696,144.9335986,2562.0,2018-06-02,23:55:20,644.94,0:06:04,13.83
ID1916032145,0,7,8,-37.8618349,144.905716,-37.8158343,145.04645,15151.0,2018-05-25,15:40:51,4911.599999999998,17:02:42,11.39
ID5637549984,2,3,2,-37.8237139,144.9971719,-37.8153198,144.9365331,6147.0,2018-06-02,11:35:23,1546.98,12:01:09,166.75
ID3462085232,1,7,8,-37.8618349,144.905716,-37.8158343,145.04645,15151.0,2018-02-18,04:39:04,4911.599999999998,6:00:55,38.11
ID1593207872,0,5,8,-37.8149675,144.9275211,-37.8158343,145.04645,11856.0,2018-02-04,04:53:01,3287.7599999999998,5:47:48,15.44
ID1286912550,0,3,8,-37.8163143,144.9893275,-37.8158343,145.04645,5604.0,2018-04-07,03:37:59,1718.7000000000003,4:06:37,14.65
ID3858853828,1,3,8,-37.8103197,144.9983089,-37.8158343,145.04645,4280.0,2018-04-18,19:03:32,1358.52,19:26:10,15.4
ID3992483756,1,8,9,-37.8158343,145.04645,-38.1109156,144.6541725,51032.0,2018-04-18,18:01:18,12681.059999999998,21:32:39,59.65
ID1657606024,0,5,3,-37.8130465,144.9335818,-37.8111785,144.9936407,6630.0,2018-04-03,01:18:45,1682.7,1:46:47,9.14
ID3369520602,1,3,1,-37.8204355,144.9841682,-37.8000371,144.963623,3634.0,2018-07-16,04:07:17,911.6400000000004,4:22:28,20.56
ID5521387788,2,6,2,-37.7874325,144.9803767,-37.8148102,144.935247,6152.0,2018-07-15,18:31:28,1551.4199999999996,18:57:19,174.9
ID3370011660,1,3,9,-37.8186253,144.9859203,-38.1109156,144.6541725,45498.0,2018-02-22,18:56:01,10918.5,21:57:59,50.39
ID1218339921,0,7,8,-37.8618349,144.905716,-37.807202,145.0266373,13986.0,2018-03-16,09:14:51,4292.399999999998,10:26:23,7.37
ID5802637443,2,6,2,-37.773845,144.9836895,-37.8223314,144.9475823,7112.0,2018-02-02,16:43:39,1578.240000000001,17:09:57,172.03
ID3684136795,1,6,9,-37.7738026,144.9836466,-38.1109156,144.6541725,51061.0,2018-01-17,22:36:29,12976.499999999996,2:12:45,65.53
ID3207583508,1,4,8,-37.8149275,144.9998357,-37.8158343,145.04645,4536.0,2018-06-26,07:49:49,1447.98,8:13:56,8.19
ID3417897187,1,5,9,-37.8081468,144.9342466,-38.1109156,144.6541725,43081.0,2018-02-05,04:07:55,10317.72,6:59:52,53.84
ID1883315130,0,8,6,-37.807202,145.0266373,-37.7874325,144.9803767,5793.0,2018-04-01,08:25:05,1493.5200000000002,8:49:58,9.12
ID3676830172,1,5,7,-37.8125212,144.9316072,-37.8618349,144.905716,11612.0,2018-04-08,20:05:13,3734.460000000001,21:07:27,29.67
ID1609644884,0,3,7,-37.8180467,144.9944995,-37.8618349,144.905716,10094.0,2018-02-09,08:10:34,3266.46,9:05:00,6.73
ID3345575008,1,8,5,-37.8158343,145.04645,-37.8101861,144.9305798,11394.0,2018-03-09,17:03:18,3176.0999999999985,17:56:14,21.7
ID1825403083,0,6,8,-37.7874325,144.9803767,-37.8158343,145.04645,8361.0,2018-02-20,06:53:08,2438.22,7:33:46,6.25
ID1627924192,0,4,8,-37.8005717,144.9930826,-37.8158343,145.04645,5698.0,2018-01-05,12:49:26,1744.26,13:18:30,8.21
ID3997181653,1,4,3,-37.8143354,145.0116614,-37.8115568,144.9935852,2057.0,2018-03-07,08:20:30,535.0800000000002,8:29:25,7.34
ID5609642646,2,2,3,-37.8198872,144.9437787,-37.8261428,144.9850278,4313.0,2018-04-13,10:29:50,1095.1200000000001,10:48:05,116.7
ID1532094976,0,8,6,-37.807202,145.0266373,-37.7738026,144.9836466,11470.0,2018-02-16,01:20:07,3458.9400000000005,2:17:45,11.72
ID5341173704,2,2,1,-37.8193442,144.9320883,-37.8152976,144.9747665,5371.0,2018-01-10,21:29:53,1304.1600000000008,21:51:37,157.24
ID3540249392,1,1,8,-37.7995241,144.9441671,-37.8158343,145.04645,9421.0,2018-03-23,20:23:19,2590.1400000000003,21:06:29,19.51
ID1950309674,0,7,1,-37.8618349,144.905716,-37.8188099,144.9549068,8340.0,2018-07-20,18:21:22,2852.819999999998,19:08:54,9.15
ID3656687605,1,4,2,-37.8159318,145.0135796,-37.8108598,144.9384397,7472.0,2018-01-25,23:42:10,1879.379999999999,0:13:29,23.29
ID3661046107,1,9,4,-38.1109156,144.6541725,-37.8102846,145.0015848,47079.0,2018-05-09,11:53:26,11383.200000000008,15:03:09,47.98
ID3255922876,1,4,2,-37.8081367,145.0005586,-37.8231328,144.9517408,5197.0,2018-01-15,04:20:20,1374.8400000000006,4:43:14,21.53
ID5362764363,2,3,4,-37.8190727,144.9821923,-37.8109198,145.0097639,3726.0,2018-05-05,09:07:27,942.4800000000001,9:23:09,108.44
